FOR4_CODE,FOR4_NAME,START_YEAR,AAU_funding,CMU_funding,aau_share,cmu_share,targeting_index,growth_rate,AAU_total,inverse_targeting,growth_norm,inverse_targeting_norm,scale_norm,opportunity_score,CMU_total,under_target_gap
3001,Agricultural Biotechnology,2024,1123737.0,0.0,0.00016669095935211488,0.0,0.0,-0.4487921293739097,5031594.0,1.0,0.5424792000950134,1.0,0.14620024160035064,0.6431696362875593,0.0,0.00016669095935211488
3002,"Agriculture, Land and Farm Management",2024,2526250.0,0.0,0.000374734511779251,0.0,0.0,0.32800938479524033,10894251.0,1.0,0.6452040967387478,1.0,0.25391448941665407,0.710689221781872,0.0,0.000374734511779251
3003,Animal Production,2024,276127.0,0.0,4.09596502856286e-05,0.0,0.0,-1.176192954577649,6676531.0,1.0,0.44628709281321655,1.0,0.1856414050728549,0.6009897571675364,0.0,4.09596502856286e-05
3004,Crop and Pasture Production,2024,42103458.0,300000.0,0.006245470075348126,0.0021013932321184677,0.336466784207806,0.7188535466399152,217588413.0,0.663533215792194,0.6968896629959712,0.663533215792194,0.6714381478368454,0.6813971792007804,0.0,0.004144076843229658
3005,Fisheries Sciences,2024,0.0,0.0,0.0,0.0,,,2275261.0,0.0,0.6018278551420703,0.0,0.03553781810546309,0.3062446002868546,0.0,0.0
3006,Food Sciences,2024,0.0,0.0,0.0,0.0,,,9285195.0,0.0,0.6018278551420703,0.0,0.23163062679738422,0.33565852159064274,0.0,0.0
3007,Forestry Sciences,2024,13040929.0,0.0,0.001934442815225285,0.0,0.0,0.16925987231701184,68291672.0,1.0,0.6242109254277837,1.0,0.5098570143496123,0.7385840148663336,0.0,0.001934442815225285
3008,Horticultural Production,2024,3476512.0,0.0,0.0005156928360275933,0.0,0.0,-0.6287870598824855,42242131.0,1.0,0.518676516532191,1.0,0.44287607022664943,0.6757696688000929,0.0,0.0005156928360275933
3009,Veterinary Sciences,2024,5992787.0,0.0,0.0008889476934753261,0.0,0.0,0.303759181071279,29899355.0,1.0,0.6419972290567275,1.0,0.394689534713164,0.7302020447353383,0.0,0.0008889476934753261
3101,Biochemistry and Cell Biology,2024,107968454.0,787266.0,0.016015638158238702,0.005514518147589925,0.34432085022807335,-0.2493489017128621,699112150.0,0.6556791497719267,0.5688537431076995,0.6556791497719267,0.8341889389695788,0.6390429148194608,0.0,0.010501120010648776
3102,Bioinformatics and Computational Biology,2024,49146305.0,1182029.0,0.0072901797565281205,0.008279692469225866,1.1357322790033633,-0.13671563918515953,321396747.0,0.0,0.5837484620812845,0.0,0.7258281867294195,0.4007484590500552,0.0,-0.000989512712697746
3103,Ecology,2024,53564750.0,0.0,0.007945595423979273,0.0,0.0,-0.09620509328983269,329468338.0,1.0,0.589105611319761,1.0,0.7292867527027153,0.7539458185652878,0.0,0.007945595423979273
3104,Evolutionary Biology,2024,8954594.0,0.0,0.0013282911076779459,0.0,0.0,-0.7072375342182184,79719541.0,1.0,0.5083021587061644,1.0,0.5314315512421693,0.6838658120394077,0.0,0.0013282911076779459
3105,Genetics,2024,49950632.0,48974.0,0.007409490626654145,0.00034304544049923273,0.04629811383594928,-0.4030538119863991,379439237.0,0.9537018861640507,0.5485276743070079,0.9537018861640507,0.7489771300600574,0.7204060668199302,0.0,0.007066445186154912
3106,Industrial Biotechnology,2024,37761323.0,0.0,0.00560137394895343,0.0,0.0,-0.011913187145625144,194846843.0,1.0,0.6002524450844049,1.0,0.6560455823785761,0.7485330598989889,0.0,0.00560137394895343
3107,Microbiology,2024,30315986.0,870582.0,0.004496960400917015,0.0060981170760138655,1.3560530963915858,-0.3265211725384023,276662080.0,0.0,0.5586484160071273,0.0,0.7049295546013287,0.38506364119376296,0.0,-0.0016011566750968502
3108,Plant Biology,2024,18582715.0,0.0,0.0027564907008641127,0.0,0.0,-0.5299899306573207,240117365.0,1.0,0.5317415334035959,1.0,0.6851757621419483,0.7186471310230902,0.0,0.0027564907008641127
3109,Zoology,2024,7792092.0,0.0,0.0011558498926705623,0.0,0.0,-0.09091342302726806,40028227.0,1.0,0.5898053863213277,1.0,0.43536977087605316,0.7102081587920718,0.0,0.0011558498926705623
3201,Cardiovascular Medicine and Haematology,2024,13469611.0,48974.0,0.0019980319057660285,0.00034304544049923273,0.17169167294538873,0.4123645169424042,60840084.0,0.8283083270546112,0.6563592915641007,0.8283083270546112,0.4937466950215161,0.6921495645043916,0.0,0.0016549864652667958
3202,Clinical Sciences,2024,216811578.0,1897867.0,0.03216102160511391,0.013293882897536599,0.41335387478558033,0.2579302887439505,968568105.0,0.5866461252144197,0.6359367771372214,0.5866461252144197,0.8796462134797425,0.6552414644156189,0.0,0.018867138707577308
3203,Dentistry,2024,1090150.0,0.0,0.00016170878892277112,0.0,0.0,-0.5620510169353121,19993204.0,1.0,0.5275017479318654,1.0,0.33857419418595136,0.6645370030938255,0.0,0.00016170878892277112
3204,Immunology,2024,53935378.0,0.0,0.008000573000478716,0.0,0.0,-0.08167864721990273,301457223.0,1.0,0.5910266009727362,1.0,0.7168975463146738,0.753047932433569,0.0,0.008000573000478716
3205,Medical Biochemistry and Metabolomics,2024,4145830.0,0.0,0.0006149769741592369,0.0,0.0,-1.2973167785645965,43602926.0,1.0,0.43026957473015626,1.0,0.44729705897436256,0.6322293462112324,0.0,0.0006149769741592369
3206,Medical Biotechnology,2024,33394017.0,0.0,0.004953544050209999,0.0,0.0,-0.477768899559794,152024860.0,1.0,0.5386472872213652,1.0,0.6214417255267456,0.7125399024396945,0.0,0.004953544050209999
3207,Medical Microbiology,2024,33753300.0,365084.0,0.0050068387516827685,0.002557283489182462,0.5107581082620195,-0.4103850856116591,337968976.0,0.4892418917379805,0.5475581804122551,0.4892418917379805,0.732838729744932,0.5549395617761606,0.0,0.0024495552625003066
3208,Medical Physiology,2024,8014175.0,0.0,0.0011887928573729755,0.0,0.0,-0.3946380791195761,40360491.0,1.0,0.5496405780194193,1.0,0.4365224177492256,0.6902986516720935,0.0,0.0011887928573729755
3209,Neurosciences,2024,19726307.0,548974.0,0.00292612687693325,0.003845367494030012,1.314149268216346,-1.1719031256062604,161527026.0,0.0,0.4468543834655482,0.0,0.6298955227063783,0.3179115201387308,0.0,-0.0009192406170967621
3210,Nutrition and Dietetics,2024,5700199.0,0.0,0.0008455462797860762,0.0,0.0,-0.8921060567344795,37158746.0,1.0,0.48385498716778924,1.0,0.42499770777732393,0.6556771497504932,0.0,0.0008455462797860762
3211,Oncology and Carcinogenesis,2024,59794333.0,520259.0,0.008869668553753967,0.0036442291384957393,0.4108641846547207,0.1171397535322445,315223448.0,0.5891358153452793,0.6173185163405654,0.5891358153452793,0.7231238788063313,0.6233253753620801,0.0,0.005225439415258227
3212,Ophthalmology and Optometry,2024,3337699.0,0.0,0.0004951018328475386,0.0,0.0,-0.3305521351443006,33309895.0,1.0,0.5581153580643805,1.0,0.40975110000821563,0.6905203440334226,0.0,0.0004951018328475386
3213,Paediatrics,2024,15413490.0,0.0,0.002286379673414891,0.0,0.0,0.440891509456982,81247372.0,1.0,0.6601317254537936,1.0,0.5340785721236542,0.7601776485454449,0.0,0.002286379673414891
3214,Pharmacology and Pharmaceutical Sciences,2024,13447770.0,0.0,0.0019947920932091674,0.0,0.0,-0.4214568006316954,130759933.0,1.0,0.5460940473482012,1.0,0.6004313363987583,0.7131117241339143,0.0,0.0019947920932091674
3215,Reproductive Medicine,2024,24534853.0,0.0,0.0036394086731442623,0.0,0.0,-0.36945477882117467,127898523.0,1.0,0.552970839190535,1.0,0.5973461830802574,0.7160873470573061,0.0,0.0036394086731442623
3301,Architecture,2024,29769643.0,2322318.0,0.004415917916060405,0.016267011093422983,3.683721346871265,0.056899978252243535,154764802.0,0.0,0.6093523569335532,0.0,0.6239324048822564,0.3982660391991151,0.0,-0.011851093177362578
3302,Building,2024,598706512.0,0.0,0.0888098931116787,0.0,0.0,3.0109616571172655,829160836.0,1.0,1.0,1.0,0.8579771746835843,0.9786965762025376,0.0,0.0888098931116787
3303,Design,2024,6575541.0,2819546.0,0.000975391250398594,0.019749916273488988,20.24819913590385,-0.9486512914625701,85503040.0,0.0,0.47637739696335774,0.0,0.5411972733066707,0.3193682894776795,0.0,-0.018774525023090394
3304,Urban and Regional Planning,2024,10471065.0,375000.0,0.0015532387651989326,0.0026267415401480844,1.6911382840819467,-0.5460621232888075,91636630.0,0.0,0.5296161329032202,0.0,0.5508572969339289,0.34743666099169945,0.0,-0.0010735027749491518
3401,Analytical Chemistry,2024,6376019.0,783700.0,0.0009457949003702042,0.0054895395867041435,5.804154351599296,-0.27441149413851657,54260158.0,0.0,0.5655394444489191,0.0,0.4777870155831174,0.35443777456192715,0.0,-0.004543744686333939
3402,Inorganic Chemistry,2024,27366289.0,450000.0,0.004059413338990555,0.003152089848177701,0.776489010838577,-0.3767756329516987,136554498.0,0.22351098916142298,0.552002723178678,0.22351098916142298,0.6064773914358021,0.4452018165112073,0.0,0.0009073234908128537
3403,Macromolecular and Materials Chemistry,2024,176833313.0,7145695.0,0.02623079474056902,0.050053050372609244,1.9081789502624673,-0.5567131184481522,1193272530.0,0.0,0.5282076361933923,0.0,0.9087376358321423,0.4004144634715175,0.0,-0.023822255632040223
3404,Medicinal and Biomolecular Chemistry,2024,3264684.0,0.0,0.00048427105981337256,0.0,0.0,0.3967709267165252,46760782.0,1.0,0.6542971818551983,1.0,0.4570465239002852,0.745705569512642,0.0,0.00048427105981337256
3405,Organic Chemistry,2024,15439666.0,566702.0,0.002290262523718833,0.0039695458247599995,1.7332274285807272,-0.8510736048938227,162938848.0,0.0,0.48928115369487024,0.0,0.6311089654389704,0.3393069216632807,0.0,-0.0016792833010411666
3406,Physical Chemistry,2024,142437947.0,273000.0,0.021128714310889196,0.0019122678412278053,0.09050564142666606,0.20063696048301227,655026183.0,0.9094943585733339,0.6283602584041506,0.9094943585733339,0.8251066257249319,0.756269148561482,0.0,0.01921644646966139
3407,Theoretical and Computational Chemistry,2024,4472697.0,0.0,0.0006634632069793254,0.0,0.0,-0.3003576267362689,27004039.0,1.0,0.5621083056820753,1.0,0.3804878909219709,0.6881273364793332,0.0,0.0006634632069793254
3502,"Banking, Finance and Investment",2024,2300000.0,0.0,0.00034117342982376144,0.0,0.0,-2.447629053357156,40721659.0,1.0,0.278151295632217,1.0,0.43776462053169424,0.5547403408958625,0.0,0.00034117342982376144
3503,Business Systems In Context,2024,20378808.0,0.0,0.0030229164439477866,0.0,0.0,2.801008863970105,27840231.0,1.0,0.9722356630584412,1.0,0.38474009417742966,0.893828845655835,0.0,0.0030229164439477866
3504,Commercial Services,2024,3438345.0,0.0,0.0005100312854640788,0.0,0.0,1.0452661606554732,9159068.0,1.0,0.7400547462590015,1.0,0.2297235898374639,0.7544859116051204,0.0,0.0005100312854640788
3505,Human Resources and Industrial Relations,2024,2687896.0,0.0,0.0003987124770998127,0.0,0.0,-0.8569321077294764,36740391.0,1.0,0.48850642026901786,1.0,0.42341894872799435,0.6577660524437081,0.0,0.0003987124770998127
3506,Marketing,2024,29878.0,0.0,4.431991189684498e-06,0.0,0.0,-4.550997902338093,4491607.0,1.0,0.0,1.0,0.1303705672726318,0.36955558509089476,0.0,4.431991189684498e-06
3507,"Strategy, Management and Organisational Behaviour",2024,29712181.0,1866386.0,0.004407394217093217,0.013073369696402194,2.966235615071528,-0.6179977282474042,488072620.0,0.0,0.5201033069758917,0.0,0.7840829527477963,0.3776640964001153,0.0,-0.008665975479308977
3508,Tourism,2024,147720.0,0.0,2.191223437111567e-05,0.0,0.0,-1.793282588861899,1763370.0,1.0,0.36468263176943183,1.0,0.0,0.5323413158847159,0.0,2.191223437111567e-05
3509,"Transportation, Logistics and Supply Chains",2024,17928744.0,375000.0,0.0026594830795270367,0.0026267415401480844,0.9876887581534172,-0.5569390231703778,132272491.0,0.012311241846582832,0.5281777623597054,0.012311241846582832,0.6020349995915923,0.3587030657648955,0.0,3.2741539378952286e-05
3601,"Art History, Theory and Criticism",2024,783418.0,0.0,0.00011620930697637894,0.0,0.0,-0.34734287975410255,6677045.0,1.0,0.5558949356358042,1.0,0.18565213930787255,0.6557952887140829,0.0,0.00011620930697637894
3602,Creative and Professional Writing,2024,4781929.0,319775.0,0.0007093335296103087,0.0022399100693356096,3.1577670811165013,-0.4722770075269949,40002959.0,0.0,0.5393735397210804,0.0,0.4352817233319286,0.33497902836032944,0.0,-0.001530576539725301
3603,Music,2024,2595964.0,0.0,0.00038507562677348307,0.0,0.0,-1.0282993005330683,23955468.0,1.0,0.46584467611973623,1.0,0.3637848478009209,0.6374900652300062,0.0,0.00038507562677348307
3604,Performing Arts,2024,1772938.0,0.0,0.0002629910166629913,0.0,0.0,0.010617164152243255,10732769.0,1.0,0.603231878010583,1.0,0.25183219997730266,0.6893907690018869,0.0,0.0002629910166629913
3605,Screen and Digital Media,2024,7232085.0,0.0,0.0010727805409682513,0.0,0.0,-2.3998915960395792,130223275.0,1.0,0.2844641378184578,1.0,0.5998578920471208,0.582210752716297,0.0,0.0010727805409682513
3701,Atmospheric Sciences,2024,42579429.0,2620185.0,0.006316073839942319,0.018353463419661088,2.905834207256307,-0.05258772256655363,328361531.0,0.0,0.5948736097308001,0.0,0.7288175458517596,0.40675943674316395,0.0,-0.012037389579718769
3702,Climate Change Science,2024,2460491.0,0.0,0.00036498006674804204,0.0,0.0,-0.30526102022362017,31327023.0,1.0,0.5614598767333618,1.0,0.4011934219214544,0.6909089516548991,0.0,0.00036498006674804204
3703,Geochemistry,2024,19250298.0,0.0,0.0028555174755606504,0.0,0.0,0.05981848204619671,108321151.0,1.0,0.6097383023715057,1.0,0.5741807046115952,0.7409962568774922,0.0,0.0028555174755606504
3704,Geoinformatics,2024,4371537.0,0.0,0.0006484575095180333,0.0,0.0,-1.5575619842956856,43456961.0,1.0,0.39585452613264255,1.0,0.44682949972001484,0.6149516880243234,0.0,0.0006484575095180333
3705,Geology,2024,75305984.0,0.0,0.011170609064144915,0.0,0.0,-0.16625508348632337,436113546.0,1.0,0.5798421407013681,1.0,0.7683877917817469,0.755179239117946,0.0,0.011170609064144915
3706,Geophysics,2024,24744218.0,392914.0,0.003670465097116024,0.0027522227346819853,0.7498294253892989,-0.34197951133299026,189013728.0,0.25017057461070114,0.5566041920631816,0.25017057461070114,0.6518075322321194,0.46363292698015407,0.0,0.0009182423624340386
3707,Hydrology,2024,10067157.0,1875426.0,0.0014933245575062125,0.01313669167913003,8.796943446150607,-0.3986199130900787,62072332.0,0.0,0.5491140168894377,0.0,0.49654260084213736,0.34903839857103947,0.0,-0.011643367121623819
3708,Oceanography,2024,63294799.0,0.0,0.009388914636885038,0.0,0.0,0.3752566371724144,330571722.0,1.0,0.65145211380439,1.0,0.7297529421280207,0.7851889982213981,0.0,0.009388914636885038
3709,Physical Geography and Environmental Geoscience,2024,50850681.0,2180519.0,0.007543000541584339,0.015273759563685763,2.024891749573923,-0.0531253683342655,295910880.0,0.0,0.5948025109946212,0.0,0.7143082437535729,0.40454749206034657,0.0,-0.007730759022101423
3801,Applied Economics,2024,18160091.0,0.0,0.0026938002314702706,0.0,0.0,-0.7047770024626925,140725069.0,1.0,0.508627541530045,1.0,0.6106722375191821,0.6959146063928998,0.0,0.0026938002314702706
3802,Econometrics,2024,585005.0,0.0,8.677746187567373e-05,0.0,0.0,-2.2729091652364706,16533495.0,1.0,0.3012564030778418,1.0,0.3120807412805212,0.547440312730999,0.0,8.677746187567373e-05
3803,Economic Theory,2024,4902604.0,0.0,0.0007272340094555184,0.0,0.0,-0.17969198107732645,35757068.0,1.0,0.5780652338711535,1.0,0.41963621594854233,0.701978049327858,0.0,0.0007272340094555184
3901,Curriculum and Pedagogy,2024,184923355.0,4492878.0,0.027430841426029143,0.03147101140644652,1.147285674459248,0.2267844879854648,1018077466.0,0.0,0.631818029805448,0.0,0.8865974567412543,0.4488986334139121,0.0,-0.004040169980417379
3902,"Education Policy, Sociology and Philosophy",2024,23751494.0,60000.0,0.00352320811800804,0.0004202786464236935,0.11928862342123339,-1.0338488375529666,224108825.0,0.8807113765787666,0.4651108005976225,0.8807113765787666,0.6755552110084421,0.6421376637526459,0.0,0.003102929471584346
3903,Education Systems,2024,149017222.0,9942772.0,0.022104659448934298,0.06964557929765666,3.1507193973537735,-0.4794252260815276,1603842557.0,0.0,0.5384282531854502,0.0,0.9499693180891728,0.41170952430610097,0.0,-0.047540919848722364
3904,Specialist Studies In Education,2024,187676196.0,3068922.0,0.02783918760243326,0.02149670640233157,0.7721743432072231,1.1932276973933411,471831757.0,0.2278256567927769,0.7596213064309426,0.2278256567927769,0.779364189333514,0.5764542614929703,0.0,0.006342481200101689
4001,Aerospace Engineering,2024,10704807.0,0.0,0.0015879111825180046,0.0,0.0,-1.4241250597867485,144146154.0,1.0,0.4135003391603107,1.0,0.6140214429679448,0.648853386025347,0.0,0.0015879111825180046
4002,Automotive Engineering,2024,3313077.0,0.0,0.0004914494971131383,0.0,0.0,-0.9507545954972308,46879654.0,1.0,0.4760992542388266,1.0,0.45740053916971457,0.6566597079948705,0.0,0.0004914494971131383
4003,Biomedical Engineering,2024,37317158.0,695856.0,0.005535488167884878,0.004874223629763428,0.8805408812978963,-0.23356402541392873,248867139.0,0.11945911870210368,0.5709411486505123,0.11945911870210368,0.6901663731884822,0.43080622184926476,0.0,0.0006612645381214501
4004,Chemical Engineering,2024,45059361.0,571815.0,0.0066839377121900145,0.004005360570079405,0.599251630184183,0.35822221832793305,157323327.0,0.40074836981581696,0.6491994676866014,0.40074836981581696,0.6262186762118017,0.5587944647106069,0.0,0.0026785771421106094
4005,Civil Engineering,2024,14782746.0,300000.0,0.002192817458710213,0.0021013932321184677,0.9583074157729846,-0.6431060419632063,201927357.0,0.04169258422701538,0.5167829620945961,0.04169258422701538,0.6610226448704707,0.372137282257324,0.0,9.142422659174547e-05
4006,Communications Engineering,2024,20521563.0,750000.0,0.003044092188719304,0.005253483080296169,1.725796314502022,-0.14153984869296585,172316559.0,0.0,0.5831105044897534,0.0,0.6389115769652587,0.3873919887896655,0.0,-0.0022093908915768647
4007,"Control Engineering, Mechatronics and Robotics",2024,4360877.0,0.0,0.0006468762448389371,0.0,0.0,-1.228369051986518,53400048.0,1.0,0.43938728106486774,1.0,0.47555902346367673,0.6410274940519853,0.0,0.0006468762448389371
4008,Electrical Engineering,2024,34778128.0,548672.0,0.005158857918525997,0.0038432520915096793,0.7449811861862217,-0.10834581934269617,161481683.0,0.25501881381377833,0.5875001113223851,0.25501881381377833,0.6298563754214531,0.4774850968092329,0.0,0.0013156058270163175
4009,"Electronics, Sensors and Digital Hardware",2024,158852385.0,2344229.0,0.023563570880928104,0.01642048985045281,0.6968591447123677,0.05429661006291107,695904189.0,0.30314085528763235,0.609008085297496,0.30314085528763235,0.833547646443662,0.5356354889659686,0.0,0.007143081030475295
4010,Engineering Practice and Education,2024,37690894.0,517994.0,0.0055909267735234055,0.0036283636195932447,0.6489735542192852,0.624132981425674,109269945.0,0.35102644578071485,0.6843637344361175,0.35102644578071485,0.5753967203233182,0.5513506312898067,0.0,0.001962563153930161
4011,Environmental Engineering,2024,8894807.0,0.0,0.001319422526874088,0.0,0.0,-0.6695277602723374,59194610.0,1.0,0.5132889314665039,1.0,0.48992358266504593,0.6801330031330088,0.0,0.001319422526874088
4012,Fluid Mechanics and Thermal Engineering,2024,26261963.0,169200.0,0.0038956017350498784,0.0011851857829148157,0.3042368967677957,0.16877352544174332,133398567.0,0.6957631032322042,0.6241466105010184,0.6957631032322042,0.6032170382564245,0.6460729471202443,0.0,0.0027104159521350625
4013,Geomatic Engineering,2024,5585576.0,320000.0,0.0008285435310701245,0.0022414861142596985,2.7053329489696885,0.10386341279924505,26166504.0,0.0,0.6155628416865798,0.0,0.3760947675060179,0.3641956359691926,0.0,-0.001412942583189574
4014,Manufacturing Engineering,2024,36234978.0,1374740.0,0.005374961619064583,0.009629564439741807,1.7915596653911854,-0.0471650805795406,309484338.0,0.0,0.5955907045452298,0.0,0.7205618413485355,0.4058796284748952,0.0,-0.004254602820677225
4015,Maritime Engineering,2024,10336417.0,0.0,0.0015332655825994065,0.0,0.0,-0.22189047573451842,84937293.0,1.0,0.5724848688446799,1.0,0.5402716013573436,0.7172831746259414,0.0,0.0015332655825994065
4016,Materials Engineering,2024,87627046.0,10520347.0,0.012998269490932399,0.07369128661779274,5.669315186086873,-0.32608838781841976,530535451.0,0.0,0.5587056478286652,0.0,0.7957150821132531,0.39871008623132054,0.0,-0.060693017126860344
4017,Mechanical Engineering,2024,5136476.0,0.0,0.0007619257104901891,0.0,0.0,-0.35792183099322533,52203899.0,1.0,0.5544959660756066,1.0,0.472400171130612,0.6981080087073951,0.0,0.0007619257104901891
4018,Nanotechnology,2024,8004770.0,850000.0,0.0011873977547175439,0.005953947491002324,5.0142822549118256,-1.1173586070391162,76746510.0,0.0,0.45406739725361356,0.0,0.526132022977123,0.30595350207337524,0.0,-0.00476654973628478
4019,Resources Engineering and Extractive Metallurgy,2024,11793588.0,0.0,0.0017494168990818935,0.0,0.0,0.5204305836252364,53659106.0,1.0,0.6706500406527687,1.0,0.47623383060282654,0.7567600949168083,0.0,0.0017494168990818935
4101,Climate Change Impacts and Adaptation,2024,73974462.0,0.0,0.0109730960521337,0.0,0.0,1.4857548356922443,262499979.0,1.0,0.7983053454024459,1.0,0.6976027619589299,0.8537930869950625,0.0,0.0109730960521337
4102,Ecological Applications,2024,20301711.0,0.0,0.00301148016224382,0.0,0.0,0.25968724431006773,146775377.0,1.0,0.6361691184440352,1.0,0.6165418402797621,0.7605658352639819,0.0,0.00301148016224382
4103,Environmental Biotechnology,2024,288291.0,0.0,4.276401272057479e-05,0.0,0.0,-1.7518228340955107,4655337.0,1.0,0.37016530520089025,1.0,0.13536290738624093,0.5553870887083812,0.0,4.276401272057479e-05
4104,Environmental Management,2024,28921052.0,0.0,0.004290041089109286,0.0,0.0,0.15024211522104813,175520204.0,1.0,0.6216960009632401,1.0,0.6414801197866522,0.7570700184496177,0.0,0.004290041089109286
4105,Pollution and Contamination,2024,15595679.0,0.0,0.002313404910808874,0.0,0.0,0.32976526091478353,60131565.0,1.0,0.6454362952986233,1.0,0.492113347916787,0.7465351498368297,0.0,0.002313404910808874
4106,Soil Sciences,2024,3273767.0,0.0,0.0004856183981886287,0.0,0.0,-1.293294206282955,31498137.0,1.0,0.43080152312924697,1.0,0.40195297587439666,0.6256937079457829,0.0,0.0004856183981886287
4201,Allied Health and Rehabilitation Science,2024,17176721.0,75000.0,0.0025479307898677523,0.0005253483080296169,0.20618625518351877,-0.08562287176167523,101884420.0,0.7938137448164813,0.5905050133457778,0.7938137448164813,0.5656386458210477,0.6579331142318144,0.0,0.0020225824818381356
4202,Epidemiology,2024,6967656.0,0.0,0.001033556128413961,0.0,0.0,-0.07937465155079658,93699872.0,1.0,0.5913312833306609,1.0,0.553961947830262,0.7287599338398697,0.0,0.001033556128413961
4203,Health Services and Systems,2024,204397597.0,2954027.0,0.030319577920097814,0.020691907817650734,0.6824602859637691,-0.25122155214344855,1598345484.0,0.31753971403623094,0.5686061022130527,0.31753971403623094,0.9494905879970252,0.537865539218761,0.0,0.00962767010244708
4204,Midwifery,2024,5764091.0,0.0,0.0008550237809940326,0.0,0.0,-0.5089694553698597,40426351.0,1.0,0.534521299034738,1.0,0.4367497634825621,0.6827731140397533,0.0,0.0008550237809940326
4205,Nursing,2024,15014863.0,0.0,0.0022272488295843012,0.0,0.0,-0.12263205116679124,69938193.0,1.0,0.585610887806738,1.0,0.5131789525810004,0.719782286790519,0.0,0.0022272488295843012
4206,Public Health,2024,127351262.0,0.0,0.018890811673445418,0.0,0.0,-0.11701389357202283,725433524.0,1.0,0.5863538377723648,1.0,0.8393422604423373,0.769078257952533,0.0,0.018890811673445418
4207,Sports Science and Exercise,2024,365959.0,0.0,5.4284994436901705e-05,0.0,0.0,-3.0558393457400697,17664168.0,1.0,0.19772104635609958,1.0,0.32130442751475125,0.49705618730526246,0.0,5.4284994436901705e-05
4301,Archaeology,2024,6632755.0,0.0,0.0009838781619698708,0.0,0.0,-0.607633537531216,40683050.0,1.0,0.5214738764208484,1.0,0.43763235561129443,0.6763817915521183,0.0,0.0009838781619698708
4302,"Heritage, Archive and Museum Studies",2024,3523762.0,493865.0,0.000522701724966364,0.0034593485619339565,6.618207663570589,-0.23521951710731617,49125736.0,0.0,0.5707222250130118,0.0,0.46392605526226594,0.3549500207958458,0.0,-0.0029366468369675927
4303,Historical Studies,2024,11703591.0,493865.0,0.0017360670794454374,0.0034593485619339565,1.992635309367768,0.1772144992168325,50211843.0,0.0,0.6252628520927279,0.0,0.4669752275692389,0.3826777101817498,0.0,-0.001723281482488519
4401,Anthropology,2024,1740573.0,0.0,0.00025819011316027563,0.0,0.0,-1.352747475149209,17229329.0,1.0,0.4229393720030995,1.0,0.3178289692441242,0.6091440313881684,0.0,0.00025819011316027563
4402,Criminology,2024,5802332.0,0.0,0.000860696308441811,0.0,0.0,-0.6952816281004627,56890480.0,1.0,0.5098832179572426,1.0,0.4843876194078515,0.6775997518897989,0.0,0.000860696308441811
4403,Demography,2024,1977139.0,0.0,0.0002932814321166617,0.0,0.0,-1.6494699975639047,37055545.0,1.0,0.38370053184774866,1.0,0.42460991272942344,0.6055417528332878,0.0,0.0002932814321166617
4404,Development Studies,2024,10564567.0,0.0,0.0015671085034751854,0.0,0.0,-0.33053017754698566,63814589.0,1.0,0.5581182617558301,1.0,0.5004024022340844,0.7041194912130276,0.0,0.0015671085034751854
4405,Gender Studies,2024,7533797.0,29533.0,0.0011175353748199845,0.000206868154413849,0.18511105695170665,-0.058658795583288445,38354054.0,0.8148889430482933,0.594070765842387,0.8148889430482933,0.42941240725601526,0.6466583740764984,0.0,0.0009106672204061355
4406,Human Geography,2024,66628791.0,0.0,0.009883466587165464,0.0,0.0,0.6022801862852063,274108344.0,1.0,0.681473902115718,1.0,0.703636508150703,0.7962824272804644,0.0,0.009883466587165464
4407,Policy and Administration,2024,37507410.0,0.0,0.0055637094406548035,0.0,0.0,-0.2829028321799203,187333394.0,1.0,0.5644165426435548,1.0,0.6505623998519278,0.7297926312995665,0.0,0.0055637094406548035
4408,Political Science,2024,15476725.0,131628.0,0.0022957597176909367,0.0009220072945242988,0.40161315115836643,0.057768300897063626,89923214.0,0.5983868488416335,0.6094671846627937,0.5983868488416335,0.548225444508618,0.5964028061022613,0.0,0.0013737524231666378
4409,Social Work,2024,16052193.0,0.0,0.0023811224965230326,0.0,0.0,-0.49794673815823576,114480137.0,1.0,0.5359789525866988,1.0,0.5818916531298585,0.7052732242628281,0.0,0.0023811224965230326
4410,Sociology,2024,5306961.0,0.0,0.0007872148201351908,0.0,0.0,0.6907714307866721,29143978.0,1.0,0.6931760599764828,1.0,0.3911215564399418,0.7552562634542327,0.0,0.0007872148201351908
4601,Applied Computing,2024,72267653.0,450000.0,0.010719914364923236,0.003152089848177701,0.2940405810042376,1.2105070197659216,227229223.0,0.7059594189957624,0.7619063388007566,0.7059594189957624,0.6774832712106513,0.7296614567304929,0.0,0.007567824516745535
4602,Artificial Intelligence,2024,85042583.0,11874932.0,0.012614899879644308,0.08317967245555673,6.593763981415132,0.36804984660009826,424556629.0,0.0,0.6504990816550308,0.0,0.7646429198370177,0.43994597880306807,0.0,-0.07056477257591243
4603,Computer Vision and Multimedia Computation,2024,2783931.0,0.0,0.00041295795115769306,0.0,0.0,-0.8173180154288485,38240422.0,1.0,0.4937450217173812,1.0,0.42899868475975333,0.6612223135726535,0.0,0.00041295795115769306
4604,Cybersecurity and Privacy,2024,111532471.0,16354853.0,0.016544311159908353,0.11455992468830804,6.924430009870695,0.3957092270386868,362154436.0,0.0,0.6541567817817133,0.0,0.7424760927849133,0.43844980480859364,0.0,-0.09801561352839969
4605,Data Management and Data Science,2024,51516626.0,6019540.0,0.007641784341464333,0.04216473538822133,5.517655759982053,-0.4966705817781986,381571987.0,0.0,0.5361477125979106,0.0,0.7497586780532458,0.38053765800694217,0.0,-0.034522951046757
4606,Distributed Computing and Systems Software,2024,53457107.0,3458258.0,0.007929628062454699,0.024223866520398492,3.054855326076888,-0.9039842357408375,403791206.0,0.0,0.4822842066164035,0.0,0.7576505455545656,0.35478968514138653,0.0,-0.016294238457943793
4607,"Graphics, Augmented Reality and Games",2024,8886362.0,1208559.0,0.0013181698270415393,0.00846552567738621,6.422181348503463,-0.6940199353093526,67038612.0,0.0,0.5100500652910838,0.0,0.5072747844426266,0.33111625031193587,0.0,-0.00714735585034467
4608,Human-Centred Computing,2024,226771017.0,8062703.0,0.03363836767587501,0.05647636505593755,1.6789270395079736,0.1741151128465932,966264268.0,0.0,0.6248529865881757,0.0,0.8793141552591595,0.4443236165829617,0.0,-0.022837997380062536
4609,Information Systems,2024,2444730.0,599639.0,0.00036264213873610625,0.004200257787714286,11.58237650581143,-1.3730671648282886,29778361.0,0.0,0.4202522788602021,0.0,0.3941241320502426,0.26924475923763747,0.0,-0.0038376156489781797
4610,Library and Information Studies,2024,108463157.0,0.0,0.0160890205579144,0.0,0.0,0.5043767571318838,331604141.0,1.0,0.6685270689062088,1.0,0.7301877412122678,0.7937916956349446,0.0,0.0160890205579144
4611,Machine Learning,2024,61883468.0,4414396.0,0.009179563055195213,0.030921272927636113,3.3684907159209594,-0.4983252439169035,401767252.0,0.0,0.5359288986614308,0.0,0.7569498810505414,0.3815069314882966,0.0,-0.021741709872440902
4612,Software Engineering,2024,30276920.0,4667244.0,0.004491165496043322,0.032692383180818414,7.27926486111904,-0.35455287793021006,230070428.0,0.0,0.5549414793101759,0.0,0.6792159294757527,0.37935312907645086,0.0,-0.02820121768477509
4613,Theory Of Computation,2024,16183540.0,0.0,0.002400606021082625,0.0,0.0,0.12226014348660122,82295658.0,1.0,0.617995641087676,1.0,0.5358661267259389,0.7393777395527289,0.0,0.002400606021082625
4701,Communication and Media Studies,2024,5720249.0,99000.0,0.0008485204220764964,0.0006934597665990943,0.8172576034199175,-0.6946244336205403,75460002.0,0.1827423965800825,0.5099701259173758,0.1827423965800825,0.5237748295445857,0.39751112619340456,0.0,0.00015506065547740212
4702,Cultural Studies,2024,1816974.0,0.0,0.0002695231528176518,0.0,0.0,-1.4504652650625696,40726032.0,1.0,0.4100170878854628,1.0,0.43777959344528333,0.6206754829595238,0.0,0.0002695231528176518
4703,Language Studies,2024,2607777.0,0.0,0.0003868279231763127,0.0,0.0,-1.486821608653741,36206692.0,1.0,0.40520929391283944,1.0,0.4213786121092703,0.6158114387728102,0.0,0.0003868279231763127
4704,Linguistics,2024,16450117.0,0.0,0.0024401490599531154,0.0,0.0,-0.40197745727032225,121653189.0,1.0,0.5486700123752842,1.0,0.5903656043013946,0.7128898468328513,0.0,0.0024401490599531154
4705,Literary Studies,2024,1850801.0,0.0,0.0002745409239527163,0.0,0.0,-0.8195012444062578,18114884.0,1.0,0.4934563096500601,1.0,0.32481762630017613,0.6454507987700565,0.0,0.0002745409239527163
4801,Commercial Law,2024,1943182.0,0.0,0.00028824437726599844,0.0,0.0,-0.5261655143203571,22912926.0,1.0,0.5322472774910767,1.0,0.3575805770516694,0.6697607253032888,0.0,0.00028824437726599844
4802,Environmental and Resources Law,2024,31644861.0,0.0,0.004694080766811385,0.0,0.0,1.3286717668984673,637000432.0,1.0,0.777532546029648,1.0,0.8212156751421964,0.8619486242861535,0.0,0.004694080766811385
4803,International and Comparative Law,2024,110000.0,0.0,1.6316990122005984e-05,0.0,0.0,-3.3944537855530132,12452497.0,1.0,0.15294238321321812,1.0,0.27255515215873977,0.46735446443042006,0.0,1.6316990122005984e-05
4804,Law In Context,2024,2155708.0,0.0,0.00031976969219935704,0.0,0.0,-0.8142837307745747,18209838.0,1.0,0.4941462781153316,1.0,0.32554660956495796,0.6459051304924095,0.0,0.00031976969219935704
4805,Legal Systems,2024,4213761.0,0.0,0.0006250536055772187,0.0,0.0,-0.2049995659224771,21851911.0,1.0,0.5747185372052732,1.0,0.35096951138293697,0.6900046953100771,0.0,0.0006250536055772187
4806,Private Law and Civil Obligations,2024,0.0,0.0,0.0,0.0,,,6572924.0,0.0,0.6018278551420703,0.0,0.18346065699258063,0.3284330261199222,0.0,0.0
4807,Public Law,2024,238014.0,0.0,3.53061098809012e-05,0.0,0.0,-2.35284867425166,15263110.0,1.0,0.29068513403221,1.0,0.3009328826858224,0.5404824994189784,0.0,3.53061098809012e-05
4901,Applied Mathematics,2024,13882724.0,270000.0,0.0020593115488594126,0.0018912539089066208,0.9183913478046226,-0.09150539898823003,70514408.0,0.08160865219537738,0.5897271029139242,0.08160865219537738,0.5143230495412432,0.40057503715653064,0.0,0.00016805763995279182
4902,Mathematical Physics,2024,27809109.0,0.0,0.004125099607770797,0.0,0.0,0.7336514579753082,93640463.0,1.0,0.6988465514478396,1.0,0.5538735123400489,0.7825043025749272,0.0,0.004125099607770797
4903,Numerical and Computational Mathematics,2024,8470993.0,0.0,0.0012565555373143802,0.0,0.0,-0.18969157511305795,43155716.0,1.0,0.5767428790030653,1.0,0.4458595577441268,0.7052503731631516,0.0,0.0012565555373143802
4904,Pure Mathematics,2024,32785646.0,340606.0,0.004863300562959864,0.0023858238107298093,0.4905770843983716,-0.3652789824220424,214402368.0,0.5094229156016283,0.5535230500779778,0.5094229156016283,0.6693813532186063,0.5554667484823497,0.0,0.0024774767522300544
4905,Statistics,2024,12008867.0,180000.0,0.0017813505837771238,0.0012608359392710805,0.7077977523086111,-0.0361469733404133,57071525.0,0.2922022476913889,0.5970477484704847,0.2922022476913889,0.4848306486975931,0.47351925823186747,0.0,0.0005205146445060433
5001,Applied Ethics,2024,1189377.0,0.0,0.00017642775236673738,0.0,0.0,-1.0004011224112561,11083727.0,1.0,0.4695339550562955,1.0,0.25631875711597,0.6232147910955432,0.0,0.00017642775236673738
5002,History and Philosophy Of Specific Fields,2024,44942449.0,2145820.0,0.006666595421743251,0.015030705417814833,2.2546299073124865,-0.7009647032675792,365052285.0,0.0,0.5091316832363235,0.0,0.7435873786569492,0.36610394841670413,0.0,-0.008364109996071581
5003,Philosophy,2024,1368288.0,0.0,0.00020296674345508475,0.0,0.0,-0.645663453200596,18832311.0,1.0,0.5164447678451713,1.0,0.33023334926591547,0.6577573863124729,0.0,0.00020296674345508475
5004,Religious Studies,2024,257030.0,0.0,3.812687246417453e-05,0.0,0.0,-2.0201044252055076,10053251.0,1.0,0.33468751812722863,1.0,0.24271230171034516,0.5537506043201661,0.0,3.812687246417453e-05
5005,Theology,2024,1188499.0,0.0,0.000176297513118309,0.0,0.0,-0.36621683039529185,8106553.0,1.0,0.5533990282598398,1.0,0.21270237698008942,0.6586048706769333,0.0,0.000176297513118309
5101,Astronomical Sciences,2024,372148399.0,0.0,0.055203106821848556,0.0,0.0,1.080864895482792,779248475.0,1.0,0.7447623534006989,1.0,0.8493203897479848,0.8497792351625472,0.0,0.055203106821848556
5102,"Atomic, Molecular and Optical Physics",2024,63144248.0,220000.0,0.009366582462522692,0.0015410217035535427,0.1645233690857296,0.20968152475889704,319824506.0,0.8354766309142704,0.6295563193199453,0.8354766309142704,0.7251444046637989,0.7159666411795371,0.0,0.00782556075896915
5103,Classical Physics,2024,10261083.0,0.0,0.0015220908177462139,0.0,0.0,0.0043748845560781,43654134.0,1.0,0.6024063936176706,1.0,0.44746071910972085,0.7183223046752933,0.0,0.0015220908177462139
5104,Condensed Matter Physics,2024,51549998.0,1413550.0,0.007646734619594801,0.009901414677536866,1.2948552774624131,-0.2363815474492134,359612876.0,0.0,0.5705685571266973,0.0,0.7414940948396883,0.3965083927893019,0.0,-0.0022546800579420646
5105,Medical and Biological Physics,2024,3666870.0,0.0,0.0005439298324425462,0.0,0.0,1.2866048544135271,10396387.0,1.0,0.7719695815421772,1.0,0.24739209865212566,0.7730936055689074,0.0,0.0005439298324425462
5106,Nuclear and Plasma Physics,2024,409876990.0,1675000.0,0.06079962542788677,0.01173277887932811,0.19297452569414472,0.11553049733884807,2296093617.0,0.8070254743058553,0.6171057069251297,0.8070254743058553,1.0,0.7410117694696142,0.0,0.04906684654855866
5107,Particle and High Energy Physics,2024,118806698.0,2142073.0,0.01762334288812862,0.015004459016345673,0.8513968724090892,-0.7359109803160669,1476859612.0,0.14860312759091077,0.5045103576693556,0.14860312759091077,0.9384680045255799,0.44503647417033354,0.0,0.002618883871782947
5108,Quantum Physics,2024,156795619.0,1883550.0,0.023258477876334668,0.013193597407855797,0.5672597096854815,-0.0281089696218558,1100759684.0,0.43274029031451855,0.5981107009572519,0.43274029031451855,0.8974852722537502,0.5851372429267699,0.0,0.01006488046847887
5109,Space Sciences,2024,10805429.0,0.0,0.0016028370750639726,0.0,0.0,-1.3837944384645893,116190383.0,1.0,0.4188336950193394,1.0,0.5839593176276421,0.647010745153816,0.0,0.0016028370750639726
5110,Synchrotrons and Accelerators,2024,218937106.0,0.0,0.03247631450856888,0.0,0.0,1.2581614185770167,1407604484.0,1.0,0.7682081972590591,1.0,0.9317710723704525,0.8738697594850974,0.0,0.03247631450856888
5201,Applied and Developmental Psychology,2024,5649041.0,2498922.0,0.0008379576926891527,0.017504059261306482,20.888953480614152,-0.05776553022750279,24233269.0,0.0,0.5941888920170594,0.0,0.36539252436880965,0.35190332466385116,0.0,-0.01666610156861733
5202,Biological Psychology,2024,41838655.0,684336.0,0.00620619018502742,0.004793530129650079,0.7723788647686922,-0.28547678137819427,257014774.0,0.22762113523130778,0.5640761614000377,0.22762113523130778,0.6946582268067035,0.4659042120519821,0.0,0.0014126600553773412
5203,Clinical and Health Psychology,2024,5854654.0,42574.0,0.0008684575589614802,0.00029821571821403876,0.34338548284460946,0.11722784101797559,40308651.0,0.6566145171553905,0.617330165105021,0.6566145171553905,0.43634320733981224,0.6039316446578691,0.0,0.0005702418407474415
5204,Cognitive and Computational Psychology,2024,28281095.0,415355.0,0.004195112252313752,0.0029094139530885534,0.6935246968621421,-0.617954245212589,166594010.0,0.30647530313785787,0.5201090572096073,0.30647530313785787,0.634202331682159,0.4624512344553777,0.0,0.001285698299225199
5205,Social and Personality Psychology,2024,5970010.0,0.0,0.0008855690381661539,0.0,0.0,0.49471547146952216,21442903.0,1.0,0.6672494522267753,1.0,0.3483349128078129,0.7358749630345596,0.0,0.0008855690381661539
